_at_failing_list,_case,_run_id,at_failing,at_verdict,dash_allin_y1,dash_amount_raised,dash_cumul_interest,dash_eps_y1,dash_interest_y1,dash_leverage,dash_outstanding_y1,e3_allin_y1,e3_allin_y2,e3_allin_y3,e3_amount_raised,e3_avg_bal_y1,e3_close_bal_y1,e3_close_bal_y2,e3_interest_y1,e3_interest_y2,e3_interest_y3,e3_net_finres_y1,e3_net_finres_y2,e3_open_bal_y1,e3_upfront_fees,e4_ebit_y1,e4_eps_y1,e4_eps_y2,e4_leverage,e4_net_finres_y1,e4_net_income_y1,hs_avg_eur_y1,hs_interest_eur_y1,hs_interest_shed,hs_net_finres_y1,hs_op_retained,hs_post_sale_ebit,hs_post_sale_eps,hs_post_sale_interest,hs_post_sale_nfp,hs_rate_eur_y1,hs_retained_pct,missing_inputs,model_ready
[],BASELINE,0001_BASELINE,0,✅ ALL CHECKS PASS — arithmetic verified and a real deal is loaded,0.0395977723671148,1000,308.208908365003,0.188057622384049,9.89944309177871,0.631911532385466,1000,0.0395977723671148,0.0404128271802599,0.0414235611698876,1000,1000,1000,1000,9.89944309177871,40.4128271802599,41.4235611698876,-11.9573793355287,-39.4523407876599,1000,1.825,120,0.188057622384049,0.15501284555059,0.631911532385466,-11.9573793355287,81.428950492293,577.140850762673,-9.89944309177871,0,-11.9573793355287,1,120,0.188057622384049,9.89944309177871,1000,0.0331467307692308,1,0,True
[],BASELINE,0001_BASELINE,0,✅ ALL CHECKS PASS — arithmetic verified and a real deal is loaded,0.0395977723671148,1000,308.208908365003,0.188057622384049,9.89944309177871,0.631911532385466,1000,0.0395977723671148,0.0404128271802599,0.0414235611698876,1000,1000,1000,1000,9.89944309177871,40.4128271802599,41.4235611698876,-11.9573793355287,-39.4523407876599,1000,1.825,120,0.188057622384049,0.15501284555059,0.631911532385466,-11.9573793355287,81.428950492293,577.140850762673,-9.89944309177871,0,-11.9573793355287,1,120,0.188057622384049,9.89944309177871,1000,0.0331467307692308,1,0,True
[],M1_PP_x2,0002_M1_PP_x2,0,✅ ALL CHECKS PASS — arithmetic verified and a real deal is loaded,0.0395977723671148,2000,616.417816730006,0.168185140148051,19.7988861835574,0.947867298578199,2000,0.0395977723671148,0.0404128271802599,0.0414235611698876,2000,2000,2000,2000,19.7988861835574,80.8256543605199,82.8471223397753,-23.9618224273074,-80.1451679679199,2000,3.65,120,0.168185140148051,0.0876488304863627,0.947867298578199,-23.9618224273074,72.8241656841061,1154.28170152535,-19.7988861835574,0,-23.9618224273074,1,120,0.168185140148051,19.7988861835574,2000,0.0331467307692308,1,0,True
[],M3_100pct_EUR,0003_M3_100pct_EUR,0,✅ ALL CHECKS PASS — arithmetic verified and a real deal is loaded,0.0424040337071871,1000,315.154727573803,0.185414624619289,10.6010084267968,0.631911532385466,1000,0.0424040337071871,0.0428111094368054,0.0432426097102008,1000,1000,1000,1000,10.6010084267968,42.8111094368054,43.2426097102008,-13.5539446705468,-41.5706230442054,1000,3,120,0.185414624619289,0.151506183376244,0.631911532385466,-13.5539446705468,80.2845324601521,577.140850762673,-10.6010084267968,0,-13.5539446705468,1,120,0.185414624619289,10.6010084267968,1000,0.0353,1,0,True
['Row36: ❌ FAIL — ladder ≠ book maturities'],M4_close_plus12m,0004_M4_close_plus12m,1,❌ 1 CHECK(S) FAILING — do not use these numbers,0.0400547999754809,1000,300.013912687211,0.187872840806009,10.0136999938702,0.631911532385466,1000,0.0400547999754809,0.0410452081371256,0.0419769276331384,1000,1000,1000,1000,10.0136999938702,41.0452081371256,41.9769276331384,-12.0690010198077,-39.9925486999256,1000,1.825,120,0.187872840806009,0.154118570651024,0.631911532385466,-12.0690010198077,81.3489400690018,577.140850762673,-10.0136999938702,0,-12.0690010198077,1,120,0.187872840806009,10.0136999938702,1000,0.0338067307692308,1,0,True
['Row36: ❌ FAIL — ladder ≠ book maturities'],M5a_close_jan1,0005_M5a_close_jan1,1,❌ 1 CHECK(S) FAILING — do not use these numbers,0.039727491760658,1000,325.096894221507,0.145131765677326,36.4168674472698,0.631911532385466,1000,0.039727491760658,0.0409010844665449,0.0419671153846154,1000,1000,1000,1000,36.4168674472698,40.9010844665449,41.9671153846154,-37.8877587356552,-38.8226208128449,1000,1.825,120,0.145131765677326,0.156055301157859,0.631911532385466,-37.8877587356552,62.8420545382823,568.589018720945,-36.4168674472698,0,-37.8877587356553,1,120,0.145131765677326,36.4168674472698,1000,0.0332592307692308,1,0,True
[],M5b_close_dec31,0006_M5b_close_dec31,1,❌ 1 CHECK(S) FAILING — do not use these numbers,0.03959927184044,1000,288.017866410604,0.204367519630485,0,0.631911532385466,1000,0.03959927184044,0.0406403867018271,0.0415656527857003,1000,1000,1000,1000,0,40.6403867018271,41.5656527857003,-2.105,-40.0563412618771,1000,1.825,120,0.204367519630485,0.154012966705512,0.631911532385466,-2.105,88.491136,577.140850762673,0,0,-2.105,1,120,0.204367519630485,0,1000,0.0332592307692308,1,0,True
[],M8a_amortise,0007_M8a_amortise,0,✅ ALL CHECKS PASS — arithmetic verified and a real deal is loaded,0.0395977723671148,1000,232.879730655659,0.188095258095731,9.82964459339935,0.631911532385466,985.8985,0.0395977723671148,0.0404128271802599,0.0414235611698876,1000,992.94925,985.8985,926.10814,9.82964459339935,38.6347969549147,37.0500304807612,-11.9346445933994,-38.9147969549147,1000,1.825,120,0.188095258095731,0.155902710260317,0.631911532385466,-11.9346445933994,81.4452467554514,573.071574909158,-9.82964459339935,0,-11.9346445933994,1,120,0.188095258095731,9.82964459339935,1000,0.0331467307692308,1,0,True
[],M8b_earns,0008_M8b_earns,0,✅ ALL CHECKS PASS — arithmetic verified and a real deal is loaded,0.0395977723671148,1000,308.208908365003,0.188057622384049,9.89944309177871,0.631911532385466,1000,0.0395977723671148,0.0404128271802599,0.0414235611698876,1000,1000,1000,1000,9.89944309177871,40.4128271802599,41.4235611698876,-11.9573793355287,-39.4523407876599,1000,1.825,120,0.188057622384049,0.15501284555059,0.631911532385466,-11.9573793355287,81.428950492293,577.140850762673,-9.89944309177871,0,-11.9573793355287,1,120,0.188057622384049,9.89944309177871,1000,0.0331467307692308,1,0,True
[],M9a_sale_0pct,0009_M9a_sale_0pct,0,✅ ALL CHECKS PASS — arithmetic verified and a real deal is loaded,0.0395977723671148,1000,308.208908365003,0.188057622384049,9.89944309177871,0.631911532385466,1000,0.0395977723671148,0.0404128271802599,0.0414235611698876,1000,1000,1000,1000,9.89944309177871,40.4128271802599,41.4235611698876,-11.9573793355287,-39.4523407876599,1000,1.825,120,0.188057622384049,0.15501284555059,0.631911532385466,-11.9573793355287,81.428950492293,577.140850762673,-9.89944309177871,0,-11.9573793355287,1,120,0.188057622384049,9.89944309177871,1000,0.0331467307692308,1,0,True
[],M9b_sale_100pct,0010_M9b_sale_100pct,0,✅ ALL CHECKS PASS — arithmetic verified and a real deal is loaded,0.0407746153846154,1000,309.685961538461,0.187570577883503,10.1936538461538,0.631911532385466,1000,0.0407746153846154,0.0411946153846154,0.0418246153846154,1000,1000,1000,1000,10.1936538461538,41.1946153846154,41.8246153846154,-12.2515900899038,-40.2341289920154,1000,1.825,120,0.187570577883503,0.153718652052017,0.631911532385466,-12.2515900899038,81.2180602235569,500,-10.1936538461538,0,-12.2515900899038,1,120,0.187570577883503,10.1936538461538,1000,0.0331467307692308,1,0,True
[],M10a_sale_yr3,0011_M10a_sale_yr3,0,✅ ALL CHECKS PASS — arithmetic verified and a real deal is loaded,0.0392490384615385,1000,307.826990384615,0.188201948286772,9.81225961538461,0.631911532385466,1000,0.0392490384615385,0.0397170384615385,0.0418246153846154,1000,1000,1000,1000,9.81225961538461,39.7170384615385,41.8246153846154,-11.8701958591346,-38.7565520689385,1000,1.825,120,0.188201948286772,0.156164673157009,0.631911532385466,-11.8701958591346,81.4914436081723,600,-9.81225961538462,0,-11.8701958591346,1,120,0.188201948286772,9.81225961538461,1000,0.0331467307692308,1,0,True
[],M10b_sale_yr5,0012_M10b_sale_yr5,0,✅ ALL CHECKS PASS — arithmetic verified and a real deal is loaded,0.0392490384615385,1000,304.874836538462,0.188201948286772,9.81225961538461,0.631911532385466,1000,0.0392490384615385,0.0397170384615385,0.0403515384615385,1000,1000,1000,1000,9.81225961538461,39.7170384615385,40.3515384615385,-11.8701958591346,-38.7565520689385,1000,1.825,120,0.188201948286772,0.156164673157009,0.631911532385466,-11.8701958591346,81.4914436081723,600,-9.81225961538462,0,-11.8701958591346,1,120,0.188201948286772,9.81225961538461,1000,0.0331467307692308,1,0,True
[],M12_report_USD,0013_M12_report_USD,0,✅ ALL CHECKS PASS — arithmetic verified and a real deal is loaded,0.0395977723671148,1187.4,365.967257792605,0.188057622384049,11.754598727178,0.631911532385466,1187.4,0.0395977723671148,0.0404128271802599,0.0414235611698876,1000,1000,1000,1000,9.89944309177871,40.4128271802599,41.4235611698876,-11.9573793355287,-39.4523407876599,1000,1.825,120,0.188057622384049,0.15501284555059,0.631911532385466,-11.9573793355287,81.428950492293,577.140850762673,-9.89944309177871,0,-11.9573793355287,1,120,0.188057622384049,9.89944309177871,1000,0.0331467307692308,1,0,True
[],M13_horizon_3,0014_M13_horizon_3,0,✅ ALL CHECKS PASS — arithmetic verified and a real deal is loaded,0.0395977723671148,1000,91.7358314419263,0.188057622384049,9.89944309177871,0.631911532385466,1000,0.0395977723671148,0.0404128271802599,0.0414235611698876,1000,1000,1000,1000,9.89944309177871,40.4128271802599,41.4235611698876,-11.9573793355287,-39.4523407876599,1000,1.825,120,0.188057622384049,0.15501284555059,0.631911532385466,-11.9573793355287,81.428950492293,577.140850762673,-9.89944309177871,0,-11.9573793355287,1,120,0.188057622384049,9.89944309177871,1000,0.0331467307692308,1,0,True
[],M14a_recalc2,0015_M14a_recalc2,0,✅ ALL CHECKS PASS — arithmetic verified and a real deal is loaded,0.0395977723671148,1000,308.208908365003,0.188057622384049,9.89944309177871,0.631911532385466,1000,0.0395977723671148,0.0404128271802599,0.0414235611698876,1000,1000,1000,1000,9.89944309177871,40.4128271802599,41.4235611698876,-11.9573793355287,-39.4523407876599,1000,1.825,120,0.188057622384049,0.15501284555059,0.631911532385466,-11.9573793355287,81.428950492293,577.140850762673,-9.89944309177871,0,-11.9573793355287,1,120,0.188057622384049,9.89944309177871,1000,0.0331467307692308,1,0,True
[],M14b_recalc3,0016_M14b_recalc3,0,✅ ALL CHECKS PASS — arithmetic verified and a real deal is loaded,0.0395977723671148,1000,308.208908365003,0.188057622384049,9.89944309177871,0.631911532385466,1000,0.0395977723671148,0.0404128271802599,0.0414235611698876,1000,1000,1000,1000,9.89944309177871,40.4128271802599,41.4235611698876,-11.9573793355287,-39.4523407876599,1000,1.825,120,0.188057622384049,0.15501284555059,0.631911532385466,-11.9573793355287,81.428950492293,577.140850762673,-9.89944309177871,0,-11.9573793355287,1,120,0.188057622384049,9.89944309177871,1000,0.0331467307692308,1,0,True
[],BASELINE,0001_BASELINE,0,✅ ALL CHECKS PASS — arithmetic verified and a real deal is loaded,0.0395977723671148,1000,308.208908365003,0.188057622384049,9.89944309177871,0.631911532385466,1000,0.0395977723671148,0.0404128271802599,0.0414235611698876,1000,1000,1000,1000,9.89944309177871,40.4128271802599,41.4235611698876,-11.9573793355287,-39.4523407876599,1000,1.825,120,0.188057622384049,0.15501284555059,0.631911532385466,-11.9573793355287,81.428950492293,577.140850762673,-9.89944309177871,0,-11.9573793355287,1,120,0.188057622384049,9.89944309177871,1000,0.0331467307692308,1,1,0,True
[],S1_dec31,0002_S1_dec31,1,❌ 1 CHECK(S) FAILING — do not use these numbers,0.03959927184044,1000,288.017866410604,0.204367519630485,0,0.631911532385466,1000,0.03959927184044,0.0406403867018271,0.0415656527857003,1000,1000,1000,1000,0,40.6403867018271,41.5656527857003,-2.105,-40.0563412618771,1000,1.825,120,0.204367519630485,0.154012966705512,0.631911532385466,-2.105,88.491136,577.140850762673,0,0,-2.105,1,120,0.204367519630485,0,1000,0.0332592307692308,1,1,0,True
[],S1_sep30,0003_S1_sep30,0,✅ ALL CHECKS PASS — arithmetic verified and a real deal is loaded,0.0395977723671148,1000,308.208908365003,0.188057622384049,9.89944309177871,0.631911532385466,1000,0.0395977723671148,0.0404128271802599,0.0414235611698876,1000,1000,1000,1000,9.89944309177871,40.4128271802599,41.4235611698876,-11.9573793355287,-39.4523407876599,1000,1.825,120,0.188057622384049,0.15501284555059,0.631911532385466,-11.9573793355287,81.428950492293,577.140850762673,-9.89944309177871,0,-11.9573793355287,1,120,0.188057622384049,9.89944309177871,1000,0.0331467307692308,1,1,0,True
[],S1_jun30,0004_S1_jun30,0,✅ ALL CHECKS PASS — arithmetic verified and a real deal is loaded,0.0396003015555053,1000,317.264471380451,0.171901307043203,19.8001507777527,0.631911532385466,1000,0.0396003015555053,0.0402278867018271,0.041284606977794,1000,1000,1000,1000,19.8001507777527,40.2278867018271,41.284606977794,-21.7169838871277,-38.9036507065771,1000,1.825,120,0.171901307043203,0.155921162063569,0.631911532385466,-21.7169838871277,74.4332659497069,577.140850762673,-19.8001507777527,0,-21.7169838871277,1,120,0.171901307043203,19.8001507777527,1000,0.0330192307692308,1,1,0,True
[],S1_jan31,0005_S1_jan31,0,✅ ALL CHECKS PASS — arithmetic verified and a real deal is loaded,0.0396486879619922,1000,332.9956203968,0.145255663869334,36.3446306318262,0.631911532385466,1000,0.0396486879619922,0.0400739184403842,0.041152744401513,1000,1000,1000,1000,36.3446306318262,40.0739184403842,41.152744401513,-37.8129151012533,-38.1407039970842,1000,1.825,120,0.145255663869334,0.157184164838083,0.631911532385466,-37.8129151012533,62.8957024554217,577.140850762673,-36.3446306318262,0,-37.8129151012533,1,120,0.145255663869334,36.3446306318262,1000,0.0329217307692308,1,1,0,True
[],S2a_op_tax_30pct,0006_S2a_op_tax_30pct,0,✅ ALL CHECKS PASS — arithmetic verified and a real deal is loaded,0.0395977723671148,1000,308.208908365003,0.174200809451023,9.89944309177871,0.631911532385466,1000,0.0395977723671148,0.0404128271802599,0.0414235611698876,1000,1000,1000,1000,9.89944309177871,40.4128271802599,41.4235611698876,-11.9573793355287,-39.4523407876599,1000,1.825,120,0.174200809451023,0.140324623841583,0.631911532385466,-11.9573793355287,75.428950492293,577.140850762673,-9.89944309177871,0,-11.9573793355287,1,120,0.174200809451023,9.89944309177871,1000,0.0331467307692308,1,1,0,True
[],S2b_op_tax_15pct,0007_S2b_op_tax_15pct,0,✅ ALL CHECKS PASS — arithmetic verified and a real deal is loaded,0.0395977723671148,1000,308.208908365003,0.215771248250099,9.89944309177871,0.631911532385466,1000,0.0395977723671148,0.0404128271802599,0.0414235611698876,1000,1000,1000,1000,9.89944309177871,40.4128271802599,41.4235611698876,-11.9573793355287,-39.4523407876599,1000,1.825,120,0.215771248250099,0.184389288968604,0.631911532385466,-11.9573793355287,93.428950492293,577.140850762673,-9.89944309177871,0,-11.9573793355287,1,120,0.215771248250099,9.89944309177871,1000,0.0331467307692308,1,1,0,True
[],S3_month12,0008_S3_month12,1,❌ 1 CHECK(S) FAILING — do not use these numbers,0.03959927184044,1000,288.017866410604,0.204367519630485,0,0.631911532385466,1000,0.03959927184044,0.0406403867018271,0.0415656527857003,1000,1000,1000,1000,0,40.6403867018271,41.5656527857003,-2.105,-40.0563412618771,1000,1.825,120,0.204367519630485,0.154012966705512,0.631911532385466,-2.105,88.491136,577.140850762673,0,0,-2.105,1,120,0.204367519630485,0,1000,0.0332592307692308,1,1,0,True
[],S3_mid_month,0009_S3_mid_month,0,✅ ALL CHECKS PASS — arithmetic verified and a real deal is loaded,0.0395977723671148,1000,308.208908365003,0.188057622384049,9.89944309177871,0.631911532385466,1000,0.0395977723671148,0.0404128271802599,0.0414235611698876,1000,1000,1000,1000,9.89944309177871,40.4128271802599,41.4235611698876,-11.9573793355287,-39.4523407876599,1000,1.825,120,0.188057622384049,0.15501284555059,0.631911532385466,-11.9573793355287,81.428950492293,577.140850762673,-9.89944309177871,0,-11.9573793355287,1,120,0.188057622384049,9.89944309177871,1000,0.0331467307692308,1,1,0,True
['Row22: ❌ FAIL — mix ≠ 100%'],S5_ccy_no_entity,0010_S5_ccy_no_entity,1,❌ 1 CHECK(S) FAILING — do not use these numbers,— input required —,— input required —,— input required —,— input required —,— input required —,— input required —,— input required —,0.0409276153846154,0.0413761153846154,0.0420046153846154,1000,1000,1000,1000,10.2319038461538,41.3761153846154,42.0046153846154,-12.2898400899038,-40.4156289920154,1000,1.825,120,0.187537059943768,0.153516197572667,— input required —,-12.2898400899038,81.2035469556513,500,-10.2319038461538,0,-12.2898400899038,1,120,0.187537059943768,10.2319038461538,1000,0.0332217307692308,1,1,1,False
"['Row12: ❌ FAIL — Y1 interest off', 'Row28: ❌ FAIL — bridge doesnt tie', 'Row31: ❌ FAIL — magnitude slip']",S7a_hardcode_interest,0011_S7a_hardcode_interest,3,❌ 3 CHECK(S) FAILING — do not use these numbers,0.0395977723671148,1000,1298.29946527322,-1.45096526720443,999.99,0.631911532385466,1000,0.0395977723671148,0.0404128271802599,0.0414235611698876,1000,1000,1000,1000,999.99,40.4128271802599,41.4235611698876,-1002.04793624375,-39.4523407876599,1000,1.825,120,-1.45096526720443,0.15501284555059,0.631911532385466,-1002.04793624375,-628.26796069952,577.140850762673,-999.99,0,-1002.04793624375,1,120,-1.45096526720443,999.99,1000,0.0331467307692308,1,1,0,True
"['Row50: ❌ FAIL — instrument split off', 'Row51: ❌ FAIL — D9 wiring broke']",S7b_hardcode_rate,0012_S7b_hardcode_rate,2,❌ 2 CHECK(S) FAILING — do not use these numbers,0.99,1000,545.809465273225,-0.205272814548545,247.5,0.631911532385466,1000,0.99,0.0404128271802599,0.0414235611698876,1000,1000,1000,1000,247.5,40.4128271802599,41.4235611698876,-249.55793624375,-39.4523407876599,1000,1.825,120,-0.205272814548545,0.15501284555059,0.631911532385466,-249.55793624375,-88.88312869952,577.140850762673,-247.5,0,-249.55793624375,1,120,-0.205272814548545,247.5,1000,0.0331467307692308,1,1,0,True
"['Row42: ❌ FAIL — EPS broke', 'Row44: ❌ FAIL — adj≠plan with no actuals', 'Row61: ❌ FAIL — overlay not inert', 'Row69: ❌ FAIL — PPA EPS lens off']",S7c_hardcode_eps,0013_S7c_hardcode_eps,4,❌ 4 CHECK(S) FAILING — do not use these numbers,0.0395977723671148,1000,308.208908365003,5,9.89944309177871,0.631911532385466,1000,0.0395977723671148,0.0404128271802599,0.0414235611698876,1000,1000,1000,1000,9.89944309177871,40.4128271802599,41.4235611698876,-11.9573793355287,-39.4523407876599,1000,1.825,120,5,0.15501284555059,0.631911532385466,-11.9573793355287,81.428950492293,577.140850762673,-9.89944309177871,0,-11.9573793355287,1,120,0.188057622384049,9.89944309177871,1000,0.0331467307692308,1,1,0,True
[],S7d_hardcode_verdict,0014_S7d_hardcode_verdict,0,✅ ALL CHECKS PASS — FAKE,0.0395977723671148,1000,308.208908365003,0.188057622384049,9.89944309177871,0.631911532385466,1000,0.0395977723671148,0.0404128271802599,0.0414235611698876,1000,1000,1000,1000,9.89944309177871,40.4128271802599,41.4235611698876,-11.9573793355287,-39.4523407876599,1000,1.825,120,0.188057622384049,0.15501284555059,0.631911532385466,-11.9573793355287,81.428950492293,577.140850762673,-9.89944309177871,0,-11.9573793355287,1,120,0.188057622384049,9.89944309177871,1000,0.0331467307692308,1,1,0,True
[],S9a_lowercase_iso,0015_S9a_lowercase_iso,0,✅ ALL CHECKS PASS — arithmetic verified and a real deal is loaded,0.0395977723671148,1000,308.208908365003,0.188057622384049,9.89944309177871,0.631911532385466,1000,0.0395977723671148,0.0404128271802599,0.0414235611698876,1000,1000,1000,1000,9.89944309177871,40.4128271802599,41.4235611698876,-11.9573793355287,-39.4523407876599,1000,1.825,120,0.188057622384049,0.15501284555059,0.631911532385466,-11.9573793355287,81.428950492293,577.140850762673,-9.89944309177871,0,-11.9573793355287,1,120,0.188057622384049,9.89944309177871,1000,0.0331467307692308,1,1,0,True
[],S9b_event_year_0,0016_S9b_event_year_0,0,✅ ALL CHECKS PASS — arithmetic verified and a real deal is loaded,0.0395977723671148,1000,308.208908365003,0.188057622384049,9.89944309177871,0.631911532385466,1000,0.0395977723671148,0.0404128271802599,0.0414235611698876,1000,1000,1000,1000,9.89944309177871,40.4128271802599,41.4235611698876,-11.9573793355287,-39.4523407876599,1000,1.825,120,0.188057622384049,0.15501284555059,0.631911532385466,-11.9573793355287,81.428950492293,577.140850762673,-9.89944309177871,2.39129154951939,-11.9573793355287,0.75,90,0.140053183083114,7.50815154225932,711.429574618664,0.0331467307692308,0.711429574618664,1,0,True
[],S9c_event_year_9,0017_S9c_event_year_9,0,✅ ALL CHECKS PASS — arithmetic verified and a real deal is loaded,0.0395977723671148,1000,308.208908365003,0.188057622384049,9.89944309177871,0.631911532385466,1000,0.0395977723671148,0.0404128271802599,0.0414235611698876,1000,1000,1000,1000,9.89944309177871,40.4128271802599,41.4235611698876,-11.9573793355287,-39.4523407876599,1000,1.825,120,0.188057622384049,0.15501284555059,0.631911532385466,-11.9573793355287,81.428950492293,577.140850762673,-9.89944309177871,0,-11.9573793355287,1,120,0.188057622384049,9.89944309177871,1000,0.0331467307692308,1,1,0,True
[],S9d_ebit_share_150pct,0018_S9d_ebit_share_150pct,0,✅ ALL CHECKS PASS — arithmetic verified and a real deal is loaded,0.0395977723671148,1000,308.208908365003,0.188057622384049,9.89944309177871,0.631911532385466,1000,0.0395977723671148,0.0404128271802599,0.0414235611698876,1000,1000,1000,1000,9.89944309177871,40.4128271802599,41.4235611698876,-11.9573793355287,-39.4523407876599,1000,1.825,120,0.188057622384049,0.15501284555059,0.631911532385466,-11.9573793355287,81.428950492293,577.140850762673,-9.89944309177871,0,-11.9573793355287,1,120,0.188057622384049,9.89944309177871,1000,0.0331467307692308,1,1,0,True
[],S9e_funding_only_ebit,0019_S9e_funding_only_ebit,0,✅ ALL CHECKS PASS — arithmetic verified and a real deal is loaded,0.0395977723671148,1000,308.208908365003,0.188057622384049,9.89944309177871,0.631911532385466,1000,0.0395977723671148,0.0404128271802599,0.0414235611698876,1000,1000,1000,1000,9.89944309177871,40.4128271802599,41.4235611698876,-11.9573793355287,-39.4523407876599,1000,1.825,120,0.188057622384049,0.15501284555059,0.631911532385466,-11.9573793355287,81.428950492293,577.140850762673,-9.89944309177871,0,-11.9573793355287,1,120,0.188057622384049,9.89944309177871,1000,0.0331467307692308,1,1,0,True
[],BASELINE,0001_BASELINE,0,✅ ALL CHECKS PASS — arithmetic verified and a real deal is loaded,0.0395977723671148,1000,308.208908365003,0.188057622384049,9.89944309177871,0.631911532385466,1000,0.0395977723671148,0.0404128271802599,0.0414235611698876,1000,1000,1000,1000,9.89944309177871,40.4128271802599,41.4235611698876,-11.9573793355287,-39.4523407876599,1000,1.825,120,0.188057622384049,0.15501284555059,0.631911532385466,-11.9573793355287,81.428950492293,577.140850762673,-9.89944309177871,0,-11.9573793355287,1,120,0.188057622384049,9.89944309177871,1000,0.0331467307692308,1,1,0,True
[],B1_PP_zero,0002_B1_PP_zero,1,❌ 1 CHECK(S) FAILING — do not use these numbers,0.0395977723671148,0,0,0.207930104620046,0,0.315955766192733,0,0.0395977723671148,0.0404128271802599,0.0414235611698876,0,0,0,0,0,0,0,0.04706375625,1.2404863926,0,0,120,0.207930104620046,0.222376860614817,0.315955766192733,0.04706375625,90.03373530048,0,0,0,0.04706375625,1,120,0.207930104620046,0,0,0.0331467307692308,1,1,0,True
[],B1_PP_negative,0003_B1_PP_negative,1,❌ 1 CHECK(S) FAILING — do not use these numbers,0.0395977723671148,0,0,0.207930104620046,0,0.315955766192733,0,0.0395977723671148,0.0404128271802599,0.0414235611698876,0,0,0,0,0,0,0,0.04706375625,1.2404863926,0,0,120,0.207930104620046,0.222376860614817,0.315955766192733,0.04706375625,90.03373530048,0,0,0,0.04706375625,1,120,0.207930104620046,0,-500,0.0331467307692308,1,1,0,True
[],B1_PP_tiny,0004_B1_PP_tiny,0,✅ ALL CHECKS PASS — arithmetic verified and a real deal is loaded,0.0395977723671148,0.001,0.000308208908365003,0.207930084747564,9.89944309177871e-06,0.315956082148499,0.001,0.0395977723671148,0.0404128271802599,0.0414235611698876,0.001,0.001,0.001,0.001,9.89944309177871e-06,4.04128271802599e-05,4.14235611698876e-05,0.0470517518069082,1.24044569977282,0.001,1.825e-06,120,0.207930084747564,0.222376793250802,0.315956082148499,0.0470517518069082,90.0337266956952,0.000577140850762673,-9.89944309177871e-06,0,0.0470517518069082,1,120,0.207930084747564,9.89944309177871e-06,0.001,0.0331467307692308,1,1,0,True
['Row32: ❌ FAIL'],B1_PP_huge,0005_B1_PP_huge,1,❌ 1 CHECK(S) FAILING — do not use these numbers,0.0395977723671148,1000000,308208.908365003,-19.6645521313776,9899.44309177871,316.271721958926,1000000,0.0395977723671148,0.0404128271802599,0.0414235611698876,1000000,1000000,1000000,1000000,9899.44309177871,40412.8271802599,41423.5611698876,-12004.3960280225,-40691.5866938673,1000000,1825,120,-19.6645521313776,-67.1416382036122,316.271721958926,-12004.3960280225,-8514.7510728865,577140.850762673,-9899.44309177871,0,-12004.3960280225,1,120,-19.6645521313776,9899.44309177871,1000000,0.0331467307692308,1,1,0,True
"['Row57: ❌ FAIL — split errored', 'Row60: ❌ FAIL — WHT not numeric', 'Row61: ❌ FAIL — overlay errored', 'Row62: ❌ FAIL — overlay EPS errored', 'Row69: ❌ FAIL — PPA EPS errored', 'Row72: ❌ FAIL — errored', 'Row74: ❌ FAIL — errored', 'Row75: ❌ FAIL — errored']",B1_PP_text,0006_B1_PP_text,23,❌ 23 CHECK(S) FAILING — do not use these numbers,— input required —,— input required —,— input required —,— input required —,— input required —,— input required —,— input required —,0.0395977723671148,0.0404128271802599,0.0414235611698876,,,,,,,,,,,,120,,,— input required —,,,0,0,0,0,1,120,,,,0.0331467307692308,1,1,1,False
[],B1_PP_blank,0007_B1_PP_blank,0,✅ ALL CHECKS PASS — arithmetic verified and a real deal is loaded,0.0395977723671148,1000,308.208908365003,0.188057622384049,9.89944309177871,0.631911532385466,1000,0.0395977723671148,0.0404128271802599,0.0414235611698876,1000,1000,1000,1000,9.89944309177871,40.4128271802599,41.4235611698876,-11.9573793355287,-39.4523407876599,1000,1.825,120,0.188057622384049,0.15501284555059,0.631911532385466,-11.9573793355287,81.428950492293,577.140850762673,-9.89944309177871,0,-11.9573793355287,1,120,0.188057622384049,9.89944309177871,1000,0.0331467307692308,1,1,0,True
[],B1_tax_26pct,0008_B1_tax_26pct,0,✅ ALL CHECKS PASS — arithmetic verified and a real deal is loaded,0.0395977723671148,1000,308.208908365003,-7.11448279332034,9.89944309177871,0.631911532385466,1000,0.0395977723671148,0.0404128271802599,0.0414235611698876,1000,1000,1000,1000,9.89944309177871,40.4128271802599,41.4235611698876,-11.9573793355287,-39.4523407876599,1000,1.825,120,-7.11448279332034,-7.58567999509606,0.631911532385466,-11.9573793355287,-3080.57104950771,577.140850762673,-9.89944309177871,0,-11.9573793355287,1,120,-7.11448279332034,9.89944309177871,1000,0.0331467307692308,1,1,0,True
[],B1_tax_101pct,0009_B1_tax_101pct,0,✅ ALL CHECKS PASS — arithmetic verified and a real deal is loaded,0.0395977723671148,1000,308.208908365003,-0.0225659341979376,9.89944309177871,0.631911532385466,1000,0.0395977723671148,0.0404128271802599,0.0414235611698876,1000,1000,1000,1000,9.89944309177871,40.4128271802599,41.4235611698876,-11.9573793355287,-39.4523407876599,1000,1.825,120,-0.0225659341979376,-0.0682481244263156,0.631911532385466,-11.9573793355287,-9.77104950770698,577.140850762673,-9.89944309177871,0,-11.9573793355287,1,120,-0.0225659341979376,9.89944309177871,1000,0.0331467307692308,1,1,0,True
[],B1_tax_neg,0010_B1_tax_neg,0,✅ ALL CHECKS PASS — arithmetic verified and a real deal is loaded,0.0395977723671148,1000,308.208908365003,0.285055312915226,9.89944309177871,0.631911532385466,1000,0.0395977723671148,0.0404128271802599,0.0414235611698876,1000,1000,1000,1000,9.89944309177871,40.4128271802599,41.4235611698876,-11.9573793355287,-39.4523407876599,1000,1.825,120,0.285055312915226,0.257830397513638,0.631911532385466,-11.9573793355287,123.428950492293,577.140850762673,-9.89944309177871,0,-11.9573793355287,1,120,0.285055312915226,9.89944309177871,1000,0.0331467307692308,1,1,0,True
"['Row61: ❌ FAIL — overlay errored', 'Row62: ❌ FAIL — overlay EPS errored', 'Row69: ❌ FAIL — PPA EPS errored', 'Row75: ❌ FAIL — errored']",B1_shares_0,0011_B1_shares_0,6,❌ 6 CHECK(S) FAILING — do not use these numbers,0.0395977723671148,1000,308.208908365003,n/a,9.89944309177871,0.631911532385466,1000,0.0395977723671148,0.0404128271802599,0.0414235611698876,1000,1000,1000,1000,9.89944309177871,40.4128271802599,41.4235611698876,-11.9573793355287,-39.4523407876599,1000,1.825,120,,,0.631911532385466,-11.9573793355287,81.428950492293,577.140850762673,-9.89944309177871,0,-11.9573793355287,1,120,,9.89944309177871,1000,0.0331467307692308,1,1,0,True
[],B1_shares_neg,0012_B1_shares_neg,0,✅ ALL CHECKS PASS — arithmetic verified and a real deal is loaded,0.0395977723671148,1000,308.208908365003,-0.81428950492293,9.89944309177871,0.631911532385466,1000,0.0395977723671148,0.0404128271802599,0.0414235611698876,1000,1000,1000,1000,9.89944309177871,40.4128271802599,41.4235611698876,-11.9573793355287,-39.4523407876599,1000,1.825,120,-0.81428950492293,-0.671205621234054,0.631911532385466,-11.9573793355287,81.428950492293,577.140850762673,-9.89944309177871,0,-11.9573793355287,1,120,-0.81428950492293,9.89944309177871,1000,0.0331467307692308,1,1,0,True
[],B1_shares_blank,0013_B1_shares_blank,0,✅ ALL CHECKS PASS — arithmetic verified and a real deal is loaded,0.0395977723671148,1000,308.208908365003,0.188057622384049,9.89944309177871,0.631911532385466,1000,0.0395977723671148,0.0404128271802599,0.0414235611698876,1000,1000,1000,1000,9.89944309177871,40.4128271802599,41.4235611698876,-11.9573793355287,-39.4523407876599,1000,1.825,120,0.188057622384049,0.15501284555059,0.631911532385466,-11.9573793355287,81.428950492293,577.140850762673,-9.89944309177871,0,-11.9573793355287,1,120,0.188057622384049,9.89944309177871,1000,0.0331467307692308,1,1,0,True
['Row38: ❌ FAIL — a header is hard-coded'],B1_H0,0014_B1_H0,1,❌ 1 CHECK(S) FAILING — do not use these numbers,0.0395977723671148,1000,134.115446826542,0.188057622384049,9.89944309177871,0.631911532385466,1000,0.0395977723671148,0.0404128271802599,0.0414235611698876,1000,1000,1000,1000,9.89944309177871,40.4128271802599,41.4235611698876,-11.9573793355287,-39.4523407876599,1000,1.825,120,0.188057622384049,0.15501284555059,0.631911532385466,-11.9573793355287,81.428950492293,577.140850762673,-9.89944309177871,0,-11.9573793355287,1,120,0.188057622384049,9.89944309177871,1000,0.0331467307692308,1,1,0,True
[],B1_H1,0015_B1_H1,0,✅ ALL CHECKS PASS — arithmetic verified and a real deal is loaded,0.0395977723671148,1000,9.89944309177871,0.188057622384049,9.89944309177871,0.631911532385466,1000,0.0395977723671148,0.0404128271802599,0.0414235611698876,1000,1000,1000,1000,9.89944309177871,40.4128271802599,41.4235611698876,-11.9573793355287,-39.4523407876599,1000,1.825,120,0.188057622384049,0.15501284555059,0.631911532385466,-11.9573793355287,81.428950492293,577.140850762673,-9.89944309177871,0,-11.9573793355287,1,120,0.188057622384049,9.89944309177871,1000,0.0331467307692308,1,1,0,True
[],B1_H9,0016_B1_H9,0,✅ ALL CHECKS PASS — arithmetic verified and a real deal is loaded,0.0395977723671148,1000,—,0.188057622384049,9.89944309177871,0.631911532385466,1000,0.0395977723671148,0.0404128271802599,0.0414235611698876,1000,1000,1000,1000,9.89944309177871,40.4128271802599,41.4235611698876,-11.9573793355287,-39.4523407876599,1000,1.825,120,0.188057622384049,0.15501284555059,0.631911532385466,-11.9573793355287,81.428950492293,577.140850762673,-9.89944309177871,0,-11.9573793355287,1,120,0.188057622384049,9.89944309177871,1000,0.0331467307692308,1,1,0,True
[],B1_close_before_sign,0017_B1_close_before_sign,0,✅ ALL CHECKS PASS — arithmetic verified and a real deal is loaded,0.0396003015555053,1000,320.564496510076,0.166550840395053,23.1001759073781,0.631911532385466,1000,0.0396003015555053,0.0402278867018271,0.041284606977794,1000,1000,1000,1000,23.1001759073781,40.2278867018271,41.284606977794,-24.9490598618052,-38.7738581503271,1000,1.825,120,0.166550840395053,0.156136024198258,0.631911532385466,-24.9490598618052,72.1165138910581,577.140850762673,-23.1001759073781,0,-24.9490598618052,1,120,0.166550840395053,23.1001759073781,1000,0.0330192307692308,1,1,0,True
['Row22: ❌ FAIL — mix ≠ 100%'],B1_mix_99pct,0018_B1_mix_99pct,1,❌ 1 CHECK(S) FAILING — do not use these numbers,— input required —,— input required —,— input required —,— input required —,— input required —,— input required —,— input required —,0.116326735128703,0.101135367896553,0.0787080033557764,1000,1000,1000,1000,29.0816837821757,101.135367896553,78.7080033557764,-31.1396200259257,-100.174881503953,1000,1.825,120,0.156302818395881,0.0544910968544268,— input required —,-31.1396200259257,67.6791203654164,327.234039742596,-29.0816837821757,0,-31.1396200259257,1,120,0.156302818395881,29.0816837821757,1000,0.0331467307692308,1,1,1,False
['Row22: ❌ FAIL — mix ≠ 100%'],B1_mix_101pct,0019_B1_mix_101pct,1,❌ 1 CHECK(S) FAILING — do not use these numbers,— input required —,— input required —,— input required —,— input required —,— input required —,— input required —,— input required —,0.0951240735639092,0.0843813447924096,0.0684504574461109,1000,1000,1000,1000,23.7810183909773,84.3813447924096,68.4504574461109,-25.8389546347273,-83.4208583998096,1000,1.825,120,0.165077684336784,0.0822261632771743,— input required —,-25.8389546347273,71.4786373178275,324.39633622202,-23.7810183909773,0,-25.8389546347273,1,120,0.165077684336784,23.7810183909773,1000,0.0331467307692308,1,1,1,False
[],B1_cash_gt_pp,0020_B1_cash_gt_pp,1,❌ 1 CHECK(S) FAILING — do not use these numbers,0.0395977723671148,0,0,0.207930104620046,0,0.315955766192733,0,0.0395977723671148,0.0404128271802599,0.0414235611698876,0,0,0,0,0,0,0,0.04706375625,1.2404863926,0,0,120,0.207930104620046,0.222376860614817,0.315955766192733,0.04706375625,90.03373530048,0,0,0,0.04706375625,1,120,0.207930104620046,0,-500,0.0331467307692308,1,1,0,True
[],BASELINE,0001_BASELINE,0,✅ ALL CHECKS PASS — arithmetic verified and a real deal is loaded,0.0395977723671148,1000,308.208908365003,0.188057622384049,9.89944309177871,0.631911532385466,1000,0.0395977723671148,0.0404128271802599,0.0414235611698876,1000,1000,1000,1000,9.89944309177871,40.4128271802599,41.4235611698876,-11.9573793355287,-39.4523407876599,1000,1.825,120,0.188057622384049,0.15501284555059,0.631911532385466,-11.9573793355287,81.428950492293,577.140850762673,-9.89944309177871,0,-11.9573793355287,1,120,0.188057622384049,9.89944309177871,1000,0.0331467307692308,1,1,0,True
[],L3_Base_amortise_reduces_none,0002_L3_Base_amortise_reduces_none,0,✅ ALL CHECKS PASS — arithmetic verified and a real deal is loaded,0.0395977723671148,1000,232.879730655659,0.188095258095731,9.82964459339935,0.631911532385466,985.8985,0.0395977723671148,0.0404128271802599,0.0414235611698876,1000,992.94925,985.8985,926.10814,9.82964459339935,38.6347969549147,37.0500304807612,-11.9346445933994,-38.9147969549147,1000,1.825,120,0.188095258095731,0.155902710260317,0.631911532385466,-11.9346445933994,81.4452467554514,573.071574909158,-9.82964459339935,0,-11.9346445933994,1,120,0.188095258095731,9.82964459339935,1000,0.0331467307692308,1,1,0,True
[],L3_Base_amortise_reduces_uniform_50,0003_L3_Base_amortise_reduces_uniform_50,0,✅ ALL CHECKS PASS — arithmetic verified and a real deal is loaded,0.0392490384615385,1000,232.48669617267,0.188238566392595,9.74307582590144,0.631911532385466,985.8985,0.0392490384615385,0.0397170384615385,0.0418246153846154,1000,992.94925,985.8985,926.10814,9.74307582590144,37.9696206297985,37.4087410903865,-11.8480758259014,-38.2496206297985,1000,1.825,120,0.188238566392595,0.157003861276121,0.631911532385466,-11.8480758259014,81.5072992479938,595.76955,-9.74307582590144,0,-11.8480758259014,1,120,0.188238566392595,9.74307582590144,1000,0.0331467307692308,1,1,0,True
[],L3_Base_amortise_reduces_targeted,0004_L3_Base_amortise_reduces_targeted,0,✅ ALL CHECKS PASS — arithmetic verified and a real deal is loaded,0.0395977723671148,1000,232.879730655659,0.188095258095731,9.82964459339935,0.631911532385466,985.8985,0.0395977723671148,0.0404128271802599,0.0414235611698876,1000,992.94925,985.8985,926.10814,9.82964459339935,38.6347969549147,37.0500304807612,-11.9346445933994,-38.9147969549147,1000,1.825,120,0.188095258095731,0.155902710260317,0.631911532385466,-11.9346445933994,81.4452467554514,573.071574909158,-9.82964459339935,0,-11.9346445933994,1,120,0.188095258095731,9.82964459339935,1000,0.0331467307692308,1,1,0,True
[],L3_Base_amortise_held_none,0005_L3_Base_amortise_held_none,0,✅ ALL CHECKS PASS — arithmetic verified and a real deal is loaded,0.0395977723671148,1000,232.879730655659,0.188095258095731,9.82964459339935,0.631911532385466,985.8985,0.0395977723671148,0.0404128271802599,0.0414235611698876,1000,992.94925,985.8985,926.10814,9.82964459339935,38.6347969549147,37.0500304807612,-11.9346445933994,-38.9147969549147,1000,1.825,120,0.188095258095731,0.155902710260317,0.631911532385466,-11.9346445933994,81.4452467554514,573.071574909158,-9.82964459339935,0,-11.9346445933994,1,120,0.188095258095731,9.82964459339935,1000,0.0331467307692308,1,1,0,True
[],L3_Base_amortise_held_uniform_50,0006_L3_Base_amortise_held_uniform_50,0,✅ ALL CHECKS PASS — arithmetic verified and a real deal is loaded,0.0392490384615385,1000,232.48669617267,0.188238566392595,9.74307582590144,0.631911532385466,985.8985,0.0392490384615385,0.0397170384615385,0.0418246153846154,1000,992.94925,985.8985,926.10814,9.74307582590144,37.9696206297985,37.4087410903865,-11.8480758259014,-38.2496206297985,1000,1.825,120,0.188238566392595,0.157003861276121,0.631911532385466,-11.8480758259014,81.5072992479938,595.76955,-9.74307582590144,0,-11.8480758259014,1,120,0.188238566392595,9.74307582590144,1000,0.0331467307692308,1,1,0,True
[],L3_Base_amortise_held_targeted,0007_L3_Base_amortise_held_targeted,0,✅ ALL CHECKS PASS — arithmetic verified and a real deal is loaded,0.0395977723671148,1000,232.879730655659,0.188095258095731,9.82964459339935,0.631911532385466,985.8985,0.0395977723671148,0.0404128271802599,0.0414235611698876,1000,992.94925,985.8985,926.10814,9.82964459339935,38.6347969549147,37.0500304807612,-11.9346445933994,-38.9147969549147,1000,1.825,120,0.188095258095731,0.155902710260317,0.631911532385466,-11.9346445933994,81.4452467554514,573.071574909158,-9.82964459339935,0,-11.9346445933994,1,120,0.188095258095731,9.82964459339935,1000,0.0331467307692308,1,1,0,True
[],L3_Base_earns_reduces_none,0008_L3_Base_earns_reduces_none,0,✅ ALL CHECKS PASS — arithmetic verified and a real deal is loaded,0.0395977723671148,1000,308.208908365003,0.188057622384049,9.89944309177871,0.631911532385466,1000,0.0395977723671148,0.0404128271802599,0.0414235611698876,1000,1000,1000,1000,9.89944309177871,40.4128271802599,41.4235611698876,-11.9573793355287,-39.4523407876599,1000,1.825,120,0.188057622384049,0.15501284555059,0.631911532385466,-11.9573793355287,81.428950492293,577.140850762673,-9.89944309177871,0,-11.9573793355287,1,120,0.188057622384049,9.89944309177871,1000,0.0331467307692308,1,1,0,True
[],L3_Base_earns_reduces_uniform_50,0009_L3_Base_earns_reduces_uniform_50,0,✅ ALL CHECKS PASS — arithmetic verified and a real deal is loaded,0.0392490384615385,1000,307.826990384615,0.188201948286772,9.81225961538461,0.631911532385466,1000,0.0392490384615385,0.0397170384615385,0.0418246153846154,1000,1000,1000,1000,9.81225961538461,39.7170384615385,41.8246153846154,-11.8701958591346,-38.7565520689385,1000,1.825,120,0.188201948286772,0.156164673157009,0.631911532385466,-11.8701958591346,81.4914436081723,600,-9.81225961538462,0,-11.8701958591346,1,120,0.188201948286772,9.81225961538461,1000,0.0331467307692308,1,1,0,True
[],L3_Base_earns_reduces_targeted,0010_L3_Base_earns_reduces_targeted,0,✅ ALL CHECKS PASS — arithmetic verified and a real deal is loaded,0.0395977723671148,1000,308.208908365003,0.188057622384049,9.89944309177871,0.631911532385466,1000,0.0395977723671148,0.0404128271802599,0.0414235611698876,1000,1000,1000,1000,9.89944309177871,40.4128271802599,41.4235611698876,-11.9573793355287,-39.4523407876599,1000,1.825,120,0.188057622384049,0.15501284555059,0.631911532385466,-11.9573793355287,81.428950492293,577.140850762673,-9.89944309177871,0,-11.9573793355287,1,120,0.188057622384049,9.89944309177871,1000,0.0331467307692308,1,1,0,True
[],L3_Base_earns_held_none,0011_L3_Base_earns_held_none,0,✅ ALL CHECKS PASS — arithmetic verified and a real deal is loaded,0.0395977723671148,1000,308.208908365003,0.188057622384049,9.89944309177871,0.631911532385466,1000,0.0395977723671148,0.0404128271802599,0.0414235611698876,1000,1000,1000,1000,9.89944309177871,40.4128271802599,41.4235611698876,-11.9573793355287,-39.4523407876599,1000,1.825,120,0.188057622384049,0.15501284555059,0.631911532385466,-11.9573793355287,81.428950492293,577.140850762673,-9.89944309177871,0,-11.9573793355287,1,120,0.188057622384049,9.89944309177871,1000,0.0331467307692308,1,1,0,True
[],L3_Base_earns_held_uniform_50,0012_L3_Base_earns_held_uniform_50,0,✅ ALL CHECKS PASS — arithmetic verified and a real deal is loaded,0.0392490384615385,1000,307.826990384615,0.188201948286772,9.81225961538461,0.631911532385466,1000,0.0392490384615385,0.0397170384615385,0.0418246153846154,1000,1000,1000,1000,9.81225961538461,39.7170384615385,41.8246153846154,-11.8701958591346,-38.7565520689385,1000,1.825,120,0.188201948286772,0.156164673157009,0.631911532385466,-11.8701958591346,81.4914436081723,600,-9.81225961538462,0,-11.8701958591346,1,120,0.188201948286772,9.81225961538461,1000,0.0331467307692308,1,1,0,True
[],L3_Base_earns_held_targeted,0013_L3_Base_earns_held_targeted,0,✅ ALL CHECKS PASS — arithmetic verified and a real deal is loaded,0.0395977723671148,1000,308.208908365003,0.188057622384049,9.89944309177871,0.631911532385466,1000,0.0395977723671148,0.0404128271802599,0.0414235611698876,1000,1000,1000,1000,9.89944309177871,40.4128271802599,41.4235611698876,-11.9573793355287,-39.4523407876599,1000,1.825,120,0.188057622384049,0.15501284555059,0.631911532385466,-11.9573793355287,81.428950492293,577.140850762673,-9.89944309177871,0,-11.9573793355287,1,120,0.188057622384049,9.89944309177871,1000,0.0331467307692308,1,1,0,True
[],L3_Downside_amortise_reduces_none,0014_L3_Downside_amortise_reduces_none,0,✅ ALL CHECKS PASS — arithmetic verified and a real deal is loaded,0.0396136926056763,1000,245.889425117298,0.168590727200895,9.84075212334308,0.634165675782798,987.3435625,0.0396136926056763,0.0404339955788546,0.0414398604992198,1000,993.67178125,987.3435625,935.19904,9.84075212334308,38.8680395448224,37.641673961432,-11.9457521233431,-39.1480395448224,1000,1.825,108.75,0.168590727200895,0.129210300818179,0.634165675782798,-11.9457521233431,72.9997848779877,572.451625773607,-9.84075212334309,0,-11.9457521233431,1,108.75,0.168590727200895,9.84075212334308,1000,0.0331467307692308,1,1,0,True
[],L3_Downside_amortise_reduces_uniform_50,0015_L3_Downside_amortise_reduces_uniform_50,0,✅ ALL CHECKS PASS — arithmetic verified and a real deal is loaded,0.0392490384615385,1000,245.45913820963,0.168740686782198,9.75016549010667,0.634165675782798,987.3435625,0.0392490384615385,0.0397170384615385,0.0418246153846154,1000,993.67178125,987.3435625,935.19904,9.75016549010667,38.1788492437194,37.9911639881034,-11.8551654901067,-38.4588492437194,1000,1.825,108.75,0.168740686782198,0.130351205224254,0.634165675782798,-11.8551654901067,73.0647173766915,596.20306875,-9.75016549010667,0,-11.8551654901067,1,108.75,0.168740686782198,9.75016549010667,1000,0.0331467307692308,1,1,0,True
[],L3_Downside_amortise_reduces_targeted,0016_L3_Downside_amortise_reduces_targeted,0,✅ ALL CHECKS PASS — arithmetic verified and a real deal is loaded,0.0396136926056763,1000,245.889425117298,0.168590727200895,9.84075212334308,0.634165675782798,987.3435625,0.0396136926056763,0.0404339955788546,0.0414398604992198,1000,993.67178125,987.3435625,935.19904,9.84075212334308,38.8680395448224,37.641673961432,-11.9457521233431,-39.1480395448224,1000,1.825,108.75,0.168590727200895,0.129210300818179,0.634165675782798,-11.9457521233431,72.9997848779877,572.451625773607,-9.84075212334309,0,-11.9457521233431,1,108.75,0.168590727200895,9.84075212334308,1000,0.0331467307692308,1,1,0,True
[],L3_Downside_amortise_held_none,0017_L3_Downside_amortise_held_none,0,✅ ALL CHECKS PASS — arithmetic verified and a real deal is loaded,0.0396136926056763,1000,245.889425117298,0.168590727200895,9.84075212334308,0.634165675782798,987.3435625,0.0396136926056763,0.0404339955788546,0.0414398604992198,1000,993.67178125,987.3435625,935.19904,9.84075212334308,38.8680395448224,37.641673961432,-11.9457521233431,-39.1480395448224,1000,1.825,108.75,0.168590727200895,0.129210300818179,0.634165675782798,-11.9457521233431,72.9997848779877,572.451625773607,-9.84075212334309,0,-11.9457521233431,1,108.75,0.168590727200895,9.84075212334308,1000,0.0331467307692308,1,1,0,True
[],L3_Downside_amortise_held_uniform_50,0018_L3_Downside_amortise_held_uniform_50,0,✅ ALL CHECKS PASS — arithmetic verified and a real deal is loaded,0.0392490384615385,1000,245.45913820963,0.168740686782198,9.75016549010667,0.634165675782798,987.3435625,0.0392490384615385,0.0397170384615385,0.0418246153846154,1000,993.67178125,987.3435625,935.19904,9.75016549010667,38.1788492437194,37.9911639881034,-11.8551654901067,-38.4588492437194,1000,1.825,108.75,0.168740686782198,0.130351205224254,0.634165675782798,-11.8551654901067,73.0647173766915,596.20306875,-9.75016549010667,0,-11.8551654901067,1,108.75,0.168740686782198,9.75016549010667,1000,0.0331467307692308,1,1,0,True
[],L3_Downside_amortise_held_targeted,0019_L3_Downside_amortise_held_targeted,0,✅ ALL CHECKS PASS — arithmetic verified and a real deal is loaded,0.0396136926056763,1000,245.889425117298,0.168590727200895,9.84075212334308,0.634165675782798,987.3435625,0.0396136926056763,0.0404339955788546,0.0414398604992198,1000,993.67178125,987.3435625,935.19904,9.84075212334308,38.8680395448224,37.641673961432,-11.9457521233431,-39.1480395448224,1000,1.825,108.75,0.168590727200895,0.129210300818179,0.634165675782798,-11.9457521233431,72.9997848779877,572.451625773607,-9.84075212334309,0,-11.9457521233431,1,108.75,0.168590727200895,9.84075212334308,1000,0.0331467307692308,1,1,0,True
[],L3_Downside_earns_reduces_none,0020_L3_Downside_earns_reduces_none,0,✅ ALL CHECKS PASS — arithmetic verified and a real deal is loaded,0.0396136926056763,1000,308.25035615257,0.168556906544164,9.90342315141907,0.634165675782798,1000,0.0396136926056763,0.0404339955788546,0.0414398604992198,1000,1000,1000,1000,9.90342315141907,40.4339955788546,41.4398604992198,-11.9661822912628,-39.6220399175984,1000,1.825,108.75,0.168556906544164,0.128425627683754,0.634165675782798,-11.9661822912628,72.9851405336228,576.097295480692,-9.90342315141907,0,-11.9661822912628,1,108.75,0.168556906544164,9.90342315141907,1000,0.0331467307692308,1,1,0,True
[],L3_Downside_earns_reduces_uniform_50,0021_L3_Downside_earns_reduces_uniform_50,0,✅ ALL CHECKS PASS — arithmetic verified and a real deal is loaded,0.0392490384615385,1000,307.826990384615,0.168707821146079,9.81225961538461,0.634165675782798,1000,0.0392490384615385,0.0397170384615385,0.0418246153846154,1000,1000,1000,1000,9.81225961538461,39.7170384615385,41.8246153846154,-11.8750187552284,-38.9050828002822,1000,1.825,108.75,0.168707821146079,0.129612498034082,0.634165675782798,-11.8750187552284,73.0504865562523,600,-9.81225961538462,0,-11.8750187552284,1,108.75,0.168707821146079,9.81225961538461,1000,0.0331467307692308,1,1,0,True
[],L3_Downside_earns_reduces_targeted,0022_L3_Downside_earns_reduces_targeted,0,✅ ALL CHECKS PASS — arithmetic verified and a real deal is loaded,0.0396136926056763,1000,308.25035615257,0.168556906544164,9.90342315141907,0.634165675782798,1000,0.0396136926056763,0.0404339955788546,0.0414398604992198,1000,1000,1000,1000,9.90342315141907,40.4339955788546,41.4398604992198,-11.9661822912628,-39.6220399175984,1000,1.825,108.75,0.168556906544164,0.128425627683754,0.634165675782798,-11.9661822912628,72.9851405336228,576.097295480692,-9.90342315141907,0,-11.9661822912628,1,108.75,0.168556906544164,9.90342315141907,1000,0.0331467307692308,1,1,0,True
[],L3_Downside_earns_held_none,0023_L3_Downside_earns_held_none,0,✅ ALL CHECKS PASS — arithmetic verified and a real deal is loaded,0.0396136926056763,1000,308.25035615257,0.168556906544164,9.90342315141907,0.634165675782798,1000,0.0396136926056763,0.0404339955788546,0.0414398604992198,1000,1000,1000,1000,9.90342315141907,40.4339955788546,41.4398604992198,-11.9661822912628,-39.6220399175984,1000,1.825,108.75,0.168556906544164,0.128425627683754,0.634165675782798,-11.9661822912628,72.9851405336228,576.097295480692,-9.90342315141907,0,-11.9661822912628,1,108.75,0.168556906544164,9.90342315141907,1000,0.0331467307692308,1,1,0,True
[],L3_Downside_earns_held_uniform_50,0024_L3_Downside_earns_held_uniform_50,0,✅ ALL CHECKS PASS — arithmetic verified and a real deal is loaded,0.0392490384615385,1000,307.826990384615,0.168707821146079,9.81225961538461,0.634165675782798,1000,0.0392490384615385,0.0397170384615385,0.0418246153846154,1000,1000,1000,1000,9.81225961538461,39.7170384615385,41.8246153846154,-11.8750187552284,-38.9050828002822,1000,1.825,108.75,0.168707821146079,0.129612498034082,0.634165675782798,-11.8750187552284,73.0504865562523,600,-9.81225961538462,0,-11.8750187552284,1,108.75,0.168707821146079,9.81225961538461,1000,0.0331467307692308,1,1,0,True
[],L3_Downside_earns_held_targeted,0025_L3_Downside_earns_held_targeted,0,✅ ALL CHECKS PASS — arithmetic verified and a real deal is loaded,0.0396136926056763,1000,308.25035615257,0.168556906544164,9.90342315141907,0.634165675782798,1000,0.0396136926056763,0.0404339955788546,0.0414398604992198,1000,1000,1000,1000,9.90342315141907,40.4339955788546,41.4398604992198,-11.9661822912628,-39.6220399175984,1000,1.825,108.75,0.168556906544164,0.128425627683754,0.634165675782798,-11.9661822912628,72.9851405336228,576.097295480692,-9.90342315141907,0,-11.9661822912628,1,108.75,0.168556906544164,9.90342315141907,1000,0.0331467307692308,1,1,0,True
[],L3_Stress_amortise_reduces_none,0026_L3_Stress_amortise_reduces_none,0,✅ ALL CHECKS PASS — arithmetic verified and a real deal is loaded,0.0395977723671148,1000,232.879730655659,0.188095258095731,9.82964459339935,0.631911532385466,985.8985,0.0395977723671148,0.0404128271802599,0.0414235611698876,1000,992.94925,985.8985,926.10814,9.82964459339935,38.6347969549147,37.0500304807612,-11.9346445933994,-38.9147969549147,1000,1.825,120,0.188095258095731,0.155902710260317,0.631911532385466,-11.9346445933994,81.4452467554514,573.071574909158,-9.82964459339935,0,-11.9346445933994,1,120,0.188095258095731,9.82964459339935,1000,0.0331467307692308,1,1,0,True
[],L3_Stress_amortise_reduces_uniform_50,0027_L3_Stress_amortise_reduces_uniform_50,0,✅ ALL CHECKS PASS — arithmetic verified and a real deal is loaded,0.0392490384615385,1000,232.48669617267,0.188238566392595,9.74307582590144,0.631911532385466,985.8985,0.0392490384615385,0.0397170384615385,0.0418246153846154,1000,992.94925,985.8985,926.10814,9.74307582590144,37.9696206297985,37.4087410903865,-11.8480758259014,-38.2496206297985,1000,1.825,120,0.188238566392595,0.157003861276121,0.631911532385466,-11.8480758259014,81.5072992479938,595.76955,-9.74307582590144,0,-11.8480758259014,1,120,0.188238566392595,9.74307582590144,1000,0.0331467307692308,1,1,0,True
[],L3_Stress_amortise_reduces_targeted,0028_L3_Stress_amortise_reduces_targeted,0,✅ ALL CHECKS PASS — arithmetic verified and a real deal is loaded,0.0395977723671148,1000,232.879730655659,0.188095258095731,9.82964459339935,0.631911532385466,985.8985,0.0395977723671148,0.0404128271802599,0.0414235611698876,1000,992.94925,985.8985,926.10814,9.82964459339935,38.6347969549147,37.0500304807612,-11.9346445933994,-38.9147969549147,1000,1.825,120,0.188095258095731,0.155902710260317,0.631911532385466,-11.9346445933994,81.4452467554514,573.071574909158,-9.82964459339935,0,-11.9346445933994,1,120,0.188095258095731,9.82964459339935,1000,0.0331467307692308,1,1,0,True
[],L3_Stress_amortise_held_none,0029_L3_Stress_amortise_held_none,0,✅ ALL CHECKS PASS — arithmetic verified and a real deal is loaded,0.0395977723671148,1000,232.879730655659,0.188095258095731,9.82964459339935,0.631911532385466,985.8985,0.0395977723671148,0.0404128271802599,0.0414235611698876,1000,992.94925,985.8985,926.10814,9.82964459339935,38.6347969549147,37.0500304807612,-11.9346445933994,-38.9147969549147,1000,1.825,120,0.188095258095731,0.155902710260317,0.631911532385466,-11.9346445933994,81.4452467554514,573.071574909158,-9.82964459339935,0,-11.9346445933994,1,120,0.188095258095731,9.82964459339935,1000,0.0331467307692308,1,1,0,True
[],L3_Stress_amortise_held_uniform_50,0030_L3_Stress_amortise_held_uniform_50,0,✅ ALL CHECKS PASS — arithmetic verified and a real deal is loaded,0.0392490384615385,1000,232.48669617267,0.188238566392595,9.74307582590144,0.631911532385466,985.8985,0.0392490384615385,0.0397170384615385,0.0418246153846154,1000,992.94925,985.8985,926.10814,9.74307582590144,37.9696206297985,37.4087410903865,-11.8480758259014,-38.2496206297985,1000,1.825,120,0.188238566392595,0.157003861276121,0.631911532385466,-11.8480758259014,81.5072992479938,595.76955,-9.74307582590144,0,-11.8480758259014,1,120,0.188238566392595,9.74307582590144,1000,0.0331467307692308,1,1,0,True
[],L3_Stress_amortise_held_targeted,0031_L3_Stress_amortise_held_targeted,0,✅ ALL CHECKS PASS — arithmetic verified and a real deal is loaded,0.0395977723671148,1000,232.879730655659,0.188095258095731,9.82964459339935,0.631911532385466,985.8985,0.0395977723671148,0.0404128271802599,0.0414235611698876,1000,992.94925,985.8985,926.10814,9.82964459339935,38.6347969549147,37.0500304807612,-11.9346445933994,-38.9147969549147,1000,1.825,120,0.188095258095731,0.155902710260317,0.631911532385466,-11.9346445933994,81.4452467554514,573.071574909158,-9.82964459339935,0,-11.9346445933994,1,120,0.188095258095731,9.82964459339935,1000,0.0331467307692308,1,1,0,True
[],L3_Stress_earns_reduces_none,0032_L3_Stress_earns_reduces_none,0,✅ ALL CHECKS PASS — arithmetic verified and a real deal is loaded,0.0395977723671148,1000,308.208908365003,0.188057622384049,9.89944309177871,0.631911532385466,1000,0.0395977723671148,0.0404128271802599,0.0414235611698876,1000,1000,1000,1000,9.89944309177871,40.4128271802599,41.4235611698876,-11.9573793355287,-39.4523407876599,1000,1.825,120,0.188057622384049,0.15501284555059,0.631911532385466,-11.9573793355287,81.428950492293,577.140850762673,-9.89944309177871,0,-11.9573793355287,1,120,0.188057622384049,9.89944309177871,1000,0.0331467307692308,1,1,0,True
[],L3_Stress_earns_reduces_uniform_50,0033_L3_Stress_earns_reduces_uniform_50,0,✅ ALL CHECKS PASS — arithmetic verified and a real deal is loaded,0.0392490384615385,1000,307.826990384615,0.188201948286772,9.81225961538461,0.631911532385466,1000,0.0392490384615385,0.0397170384615385,0.0418246153846154,1000,1000,1000,1000,9.81225961538461,39.7170384615385,41.8246153846154,-11.8701958591346,-38.7565520689385,1000,1.825,120,0.188201948286772,0.156164673157009,0.631911532385466,-11.8701958591346,81.4914436081723,600,-9.81225961538462,0,-11.8701958591346,1,120,0.188201948286772,9.81225961538461,1000,0.0331467307692308,1,1,0,True
[],L3_Stress_earns_reduces_targeted,0034_L3_Stress_earns_reduces_targeted,0,✅ ALL CHECKS PASS — arithmetic verified and a real deal is loaded,0.0395977723671148,1000,308.208908365003,0.188057622384049,9.89944309177871,0.631911532385466,1000,0.0395977723671148,0.0404128271802599,0.0414235611698876,1000,1000,1000,1000,9.89944309177871,40.4128271802599,41.4235611698876,-11.9573793355287,-39.4523407876599,1000,1.825,120,0.188057622384049,0.15501284555059,0.631911532385466,-11.9573793355287,81.428950492293,577.140850762673,-9.89944309177871,0,-11.9573793355287,1,120,0.188057622384049,9.89944309177871,1000,0.0331467307692308,1,1,0,True
[],L3_Stress_earns_held_none,0035_L3_Stress_earns_held_none,0,✅ ALL CHECKS PASS — arithmetic verified and a real deal is loaded,0.0395977723671148,1000,308.208908365003,0.188057622384049,9.89944309177871,0.631911532385466,1000,0.0395977723671148,0.0404128271802599,0.0414235611698876,1000,1000,1000,1000,9.89944309177871,40.4128271802599,41.4235611698876,-11.9573793355287,-39.4523407876599,1000,1.825,120,0.188057622384049,0.15501284555059,0.631911532385466,-11.9573793355287,81.428950492293,577.140850762673,-9.89944309177871,0,-11.9573793355287,1,120,0.188057622384049,9.89944309177871,1000,0.0331467307692308,1,1,0,True
[],L3_Stress_earns_held_uniform_50,0036_L3_Stress_earns_held_uniform_50,0,✅ ALL CHECKS PASS — arithmetic verified and a real deal is loaded,0.0392490384615385,1000,307.826990384615,0.188201948286772,9.81225961538461,0.631911532385466,1000,0.0392490384615385,0.0397170384615385,0.0418246153846154,1000,1000,1000,1000,9.81225961538461,39.7170384615385,41.8246153846154,-11.8701958591346,-38.7565520689385,1000,1.825,120,0.188201948286772,0.156164673157009,0.631911532385466,-11.8701958591346,81.4914436081723,600,-9.81225961538462,0,-11.8701958591346,1,120,0.188201948286772,9.81225961538461,1000,0.0331467307692308,1,1,0,True
[],L3_Stress_earns_held_targeted,0037_L3_Stress_earns_held_targeted,0,✅ ALL CHECKS PASS — arithmetic verified and a real deal is loaded,0.0395977723671148,1000,308.208908365003,0.188057622384049,9.89944309177871,0.631911532385466,1000,0.0395977723671148,0.0404128271802599,0.0414235611698876,1000,1000,1000,1000,9.89944309177871,40.4128271802599,41.4235611698876,-11.9573793355287,-39.4523407876599,1000,1.825,120,0.188057622384049,0.15501284555059,0.631911532385466,-11.9573793355287,81.428950492293,577.140850762673,-9.89944309177871,0,-11.9573793355287,1,120,0.188057622384049,9.89944309177871,1000,0.0331467307692308,1,1,0,True
[],BASELINE,0001_BASELINE,0,✅ ALL CHECKS PASS — arithmetic verified and a real deal is loaded,0.0395977723671148,1000,308.208908365003,0.188057622384049,9.89944309177871,0.631911532385466,1000,0.0395977723671148,0.0404128271802599,0.0414235611698876,1000,1000,1000,1000,9.89944309177871,40.4128271802599,41.4235611698876,-11.9573793355287,-39.4523407876599,1000,1.825,120,0.188057622384049,0.15501284555059,0.631911532385466,-11.9573793355287,81.428950492293,577.140850762673,-9.89944309177871,0,-11.9573793355287,1,120,0.188057622384049,9.89944309177871,1000,0.0331467307692308,1,1,0,True
['Row22: ❌ FAIL — mix ≠ 100%'],P1_swap_mix,0002_P1_swap_mix,1,❌ 1 CHECK(S) FAILING — do not use these numbers,— input required —,— input required —,— input required —,— input required —,— input required —,— input required —,— input required —,0.0380234615384615,0.0385394615384615,0.0391784615384615,1000,1000,1000,1000,9.50586538461539,38.5394615384615,39.1784615384615,-11.5638016283654,-37.5789751458615,1000,1.825,120,0.188821327851332,0.158478573466649,— input required —,-11.5638016283654,81.7596349596268,700,-9.50586538461539,0,-11.5638016283654,1,120,0.188821327851332,9.50586538461539,1000,0.0334467307692308,1,1,1,False
[],BASELINE,0001_BASELINE,0,✅ ALL CHECKS PASS — arithmetic verified and a real deal is loaded,0.0395977723671148,1000,308.208908365003,0.188057622384049,9.89944309177871,0.631911532385466,1000,0.0395977723671148,0.0404128271802599,0.0414235611698876,1000,1000,1000,1000,9.89944309177871,40.4128271802599,41.4235611698876,-11.9573793355287,-39.4523407876599,1000,1.825,120,0.188057622384049,0.15501284555059,0.631911532385466,-11.9573793355287,81.428950492293,577.140850762673,-9.89944309177871,0,-11.9573793355287,1,120,0.188057622384049,9.89944309177871,1000,0.0331467307692308,1,1,0,True
['Row22: ❌ FAIL — mix ≠ 100%'],P1_swap_mix,0002_P1_swap_mix,1,❌ 1 CHECK(S) FAILING — do not use these numbers,— input required —,— input required —,— input required —,— input required —,— input required —,— input required —,— input required —,0.0380234615384615,0.0385394615384615,0.0391784615384615,1000,1000,1000,1000,9.50586538461539,38.5394615384615,39.1784615384615,-11.5638016283654,-37.5789751458615,1000,1.825,120,0.188821327851332,0.158478573466649,— input required —,-11.5638016283654,81.7596349596268,700,-9.50586538461539,0,-11.5638016283654,1,120,0.188821327851332,9.50586538461539,1000,0.0334467307692308,1,1,1,False
"['Row57: ❌ FAIL — split errored', 'Row60: ❌ FAIL — WHT not numeric', 'Row61: ❌ FAIL — overlay errored', 'Row62: ❌ FAIL — overlay EPS errored', 'Row69: ❌ FAIL — PPA EPS errored', 'Row72: ❌ FAIL — errored', 'Row74: ❌ FAIL — errored', 'Row75: ❌ FAIL — errored']",P2_text_pp,0003_P2_text_pp,23,❌ 23 CHECK(S) FAILING — do not use these numbers,— input required —,— input required —,— input required —,— input required —,— input required —,— input required —,— input required —,0.0395977723671148,0.0404128271802599,0.0414235611698876,,,,,,,,,,,,120,,,— input required —,,,0,0,0,0,1,120,,,,0.0331467307692308,1,1,1,False
"['Row57: ❌ FAIL — split errored', 'Row61: ❌ FAIL — overlay errored', 'Row62: ❌ FAIL — overlay EPS errored', 'Row69: ❌ FAIL — PPA EPS errored', 'Row75: ❌ FAIL — errored']",P2_text_tax,0004_P2_text_tax,7,❌ 7 CHECK(S) FAILING — do not use these numbers,0.0395977723671148,1000,308.208908365003,n/a,9.89944309177871,0.631911532385466,1000,0.0395977723671148,0.0404128271802599,0.0414235611698876,1000,1000,1000,1000,9.89944309177871,40.4128271802599,41.4235611698876,-11.9573793355287,-39.4523407876599,1000,1.825,120,,,0.631911532385466,-11.9573793355287,,577.140850762673,-9.89944309177871,0,-11.9573793355287,1,120,,9.89944309177871,1000,0.0331467307692308,1,1,0,True
"['Row22: ❌ FAIL — mix ≠ 100%', 'Row34: ❌ FAIL — spread not in all-in', 'Row46: ❌ FAIL — FX-at-risk basis off', 'Row66: ❌ FAIL — ø-Amounts ≠ avg balance']",P2_text_mix,0005_P2_text_mix,4,❌ 4 CHECK(S) FAILING — do not use these numbers,0.0053,1000,38.425,0.202251989146605,1.325,0.631911532385466,1000,0.0053,0.0053,0.0053,1000,1000,1000,1000,1.325,5.3,5.3,-3.38293624375,-4.3395136074,1000,1.825,120,0.202251989146605,0.213139576550152,0.631911532385466,-3.38293624375,87.57511130048,0,-1.325,0,-3.38293624375,1,120,0.202251989146605,1.325,1000,0.0331467307692308,1,1,0,True
['Row22: ❌ FAIL — mix ≠ 100%'],P3_dup_ccy,0006_P3_dup_ccy,1,❌ 1 CHECK(S) FAILING — do not use these numbers,— input required —,— input required —,— input required —,— input required —,— input required —,— input required —,— input required —,0.040991796623326,0.042956308382181,0.0457634116078372,1000,1000,1000,1000,10.2479491558315,42.956308382181,45.7634116078372,-12.3058853995815,-41.995821989581,1000,1.825,120,0.187427645172057,0.150621253110441,— input required —,-12.3058853995815,81.1561703595008,477.024129905101,-10.2479491558315,0,-12.3058853995815,1,120,0.187427645172057,10.2479491558315,1000,0.0330133974358974,1,1,1,False
[],P4_mix_zero,0007_P4_mix_zero,0,✅ ALL CHECKS PASS — arithmetic verified and a real deal is loaded,0.0395977723671148,1000,308.208908365003,0.188057622384049,9.89944309177871,0.631911532385466,1000,0.0395977723671148,0.0404128271802599,0.0414235611698876,1000,1000,1000,1000,9.89944309177871,40.4128271802599,41.4235611698876,-11.9573793355287,-39.4523407876599,1000,1.825,120,0.188057622384049,0.15501284555059,0.631911532385466,-11.9573793355287,81.428950492293,577.140850762673,-9.89944309177871,0,-11.9573793355287,1,120,0.188057622384049,9.89944309177871,1000,0.0331467307692308,1,1,0,True
['Row22: ❌ FAIL — mix ≠ 100%'],P5_neg_mix,0008_P5_neg_mix,1,❌ 1 CHECK(S) FAILING — do not use these numbers,— input required —,— input required —,— input required —,— input required —,— input required —,— input required —,— input required —,0.0460851361835574,0.0454812731706229,0.044490941790358,1000,1000,1000,1000,11.5212840458894,45.4812731706229,44.490941790358,-13.5792202896394,-44.5207867780229,1000,1.825,120,0.185372782670639,0.146622401934211,— input required —,-13.5792202896394,80.2664148963865,288.570425381336,-11.5212840458894,0,-13.5792202896394,1,120,0.185372782670639,11.5212840458894,1000,0.0331467307692308,1,1,1,False
"['Row23: ❌ FAIL — a financing ccy has no market rate', 'Row36: ❌ FAIL — ladder ≠ book maturities']",P6_date_as_num,0009_P6_date_as_num,2,❌ 2 CHECK(S) FAILING — do not use these numbers,0.0318407226221705,1000,295.011420659427,0.178012519658693,15.9203613110853,0.631911532385466,1000,0.0318407226221705,0.0319903778324406,0.0400616524080118,1000,1000,1000,1000,15.9203613110853,31.9903778324406,40.0616524080118,-18.0253613110853,-32.2703778324406,1000,1.825,120,0.178012519658693,0.16690206274759,0.631911532385466,-18.0253613110853,77.0794210122141,588.086498194099,-15.9203613110853,0,-18.0253613110853,1,120,0.178012519658693,15.9203613110853,1000,0.0269592307692308,1,1,0,True
[],P7_sale_ccy_mismatch,0010_P7_sale_ccy_mismatch,0,✅ ALL CHECKS PASS — arithmetic verified and a real deal is loaded,0.0395977723671148,1000,308.208908365003,0.188057622384049,9.89944309177871,0.631911532385466,1000,0.0395977723671148,0.0404128271802599,0.0414235611698876,1000,1000,1000,1000,9.89944309177871,40.4128271802599,41.4235611698876,-11.9573793355287,-39.4523407876599,1000,1.825,120,0.188057622384049,0.15501284555059,0.631911532385466,-11.9573793355287,81.428950492293,577.140850762673,-9.89944309177871,0,-11.9573793355287,1,120,0.188057622384049,9.89944309177871,1000,0.0331467307692308,1,1,0,True
[],P8_long_text,0011_P8_long_text,0,✅ ALL CHECKS PASS — arithmetic verified and a real deal is loaded,0.0395977723671148,1000,308.208908365003,0.188057622384049,9.89944309177871,0.631911532385466,1000,0.0395977723671148,0.0404128271802599,0.0414235611698876,1000,1000,1000,1000,9.89944309177871,40.4128271802599,41.4235611698876,-11.9573793355287,-39.4523407876599,1000,1.825,120,0.188057622384049,0.15501284555059,0.631911532385466,-11.9573793355287,81.428950492293,577.140850762673,-9.89944309177871,0,-11.9573793355287,1,120,0.188057622384049,9.89944309177871,1000,0.0331467307692308,1,1,0,True
[],P9_formula_inject,0012_P9_formula_inject,0,✅ ALL CHECKS PASS — arithmetic verified and a real deal is loaded,0.0395977723671148,1000,308.208908365003,0.188057622384049,9.89944309177871,0.631911532385466,1000,0.0395977723671148,0.0404128271802599,0.0414235611698876,1000,1000,1000,1000,9.89944309177871,40.4128271802599,41.4235611698876,-11.9573793355287,-39.4523407876599,1000,1.825,120,0.188057622384049,0.15501284555059,0.631911532385466,-11.9573793355287,81.428950492293,577.140850762673,-9.89944309177871,0,-11.9573793355287,1,120,0.188057622384049,9.89944309177871,1000,0.0331467307692308,1,1,0,True
['Row22: ❌ FAIL — mix ≠ 100%'],P10_all_eur,0013_P10_all_eur,1,❌ 1 CHECK(S) FAILING — do not use these numbers,— input required —,— input required —,— input required —,— input required —,— input required —,— input required —,— input required —,0.0429779578771578,0.0445628773753597,0.0466899920227549,1000,1000,1000,1000,10.7444894692894,44.5628773753597,46.6899920227549,-12.8024257130394,-43.6023909827597,1000,1.825,120,0.18639124373277,0.147231806481912,— input required —,-12.8024257130394,80.7074085362892,313.218442440179,-10.7444894692894,0,-12.8024257130395,1,120,0.18639124373277,10.7444894692894,1000,0.0325005769230769,1,1,1,False
[],BASELINE,0001_BASELINE,0,✅ ALL CHECKS PASS — arithmetic verified and a real deal is loaded,0.0395977723671148,1000,308.208908365003,0.188057622384049,9.89944309177871,0.631911532385466,1000,0.0395977723671148,0.0404128271802599,0.0414235611698876,1000,1000,1000,1000,9.89944309177871,40.4128271802599,41.4235611698876,-11.9573793355287,-39.4523407876599,1000,1.825,120,0.188057622384049,0.15501284555059,0.631911532385466,-11.9573793355287,81.428950492293,577.140850762673,-9.89944309177871,0,-11.9573793355287,1,120,0.188057622384049,9.89944309177871,1000,0.0331467307692308,1,1,0,True
[],R5_stress,0002_R5_stress,0,✅ ALL CHECKS PASS — arithmetic verified and a real deal is loaded,0.0395977723671148,1000,308.208908365003,0.188057622384049,9.89944309177871,0.631911532385466,1000,0.0395977723671148,0.0404128271802599,0.0414235611698876,1000,1000,1000,1000,9.89944309177871,40.4128271802599,41.4235611698876,-11.9573793355287,-39.4523407876599,1000,1.825,120,0.188057622384049,0.15501284555059,0.631911532385466,-11.9573793355287,81.428950492293,577.140850762673,-9.89944309177871,0,-11.9573793355287,1,120,0.188057622384049,9.89944309177871,1000,0.0331467307692308,1,1,0,True
[],R6_funding_only,0003_R6_funding_only,0,✅ ALL CHECKS PASS — arithmetic verified and a real deal is loaded,0.0395977723671148,1000,308.208908365003,0.188057622384049,9.89944309177871,0.631911532385466,1000,0.0395977723671148,0.0404128271802599,0.0414235611698876,1000,1000,1000,1000,9.89944309177871,40.4128271802599,41.4235611698876,-11.9573793355287,-39.4523407876599,1000,1.825,120,0.188057622384049,0.15501284555059,0.631911532385466,-11.9573793355287,81.428950492293,577.140850762673,-9.89944309177871,0,-11.9573793355287,1,120,0.188057622384049,9.89944309177871,1000,0.0331467307692308,1,1,0,True
[],E1_baseline_1,0001_E1_baseline_1,0,✅ ALL CHECKS PASS — arithmetic verified and a real deal is loaded,0.0395977723671148,1000,308.208908365003,0.188057622384049,9.89944309177871,0.631911532385466,1000,0.0395977723671148,0.0404128271802599,0.0414235611698876,1000,1000,1000,1000,9.89944309177871,40.4128271802599,41.4235611698876,-11.9573793355287,-39.4523407876599,1000,1.825,120,0.188057622384049,0.15501284555059,0.631911532385466,-11.9573793355287,81.428950492293,577.140850762673,-9.89944309177871,0,-11.9573793355287,1,120,0.188057622384049,9.89944309177871,1000,0.0331467307692308,1,1,0,True
[],E1_baseline_2,0002_E1_baseline_2,0,✅ ALL CHECKS PASS — arithmetic verified and a real deal is loaded,0.0395977723671148,1000,308.208908365003,0.188057622384049,9.89944309177871,0.631911532385466,1000,0.0395977723671148,0.0404128271802599,0.0414235611698876,1000,1000,1000,1000,9.89944309177871,40.4128271802599,41.4235611698876,-11.9573793355287,-39.4523407876599,1000,1.825,120,0.188057622384049,0.15501284555059,0.631911532385466,-11.9573793355287,81.428950492293,577.140850762673,-9.89944309177871,0,-11.9573793355287,1,120,0.188057622384049,9.89944309177871,1000,0.0331467307692308,1,1,0,True
[],E2_identity,0003_E2_identity,0,✅ ALL CHECKS PASS — arithmetic verified and a real deal is loaded,0.0395977723671148,1000,308.208908365003,0.18152728422898,9.89944309177871,0.631911532385466,1000,0.0395977723671148,0.0404128271802599,0.0414235611698876,1000,1000,1000,1000,9.89944309177871,40.4128271802599,41.4235611698876,-11.9573793355287,-39.4523407876599,1000,1.825,120,0.18152728422898,0.148596717176725,0.631911532385466,-11.9573793355287,79.508950492293,577.140850762673,-9.89944309177871,0,-11.9573793355287,1,120,0.18152728422898,9.89944309177871,1000,0.0331467307692308,1,1,0,True
[],E3_change_pp,0004_E3_change_pp,0,✅ ALL CHECKS PASS — arithmetic verified and a real deal is loaded,0.0395977723671148,2000,616.417816730006,0.168185140148051,19.7988861835574,0.947867298578199,2000,0.0395977723671148,0.0404128271802599,0.0414235611698876,2000,2000,2000,2000,19.7988861835574,80.8256543605199,82.8471223397753,-23.9618224273074,-80.1451679679199,2000,3.65,120,0.168185140148051,0.0876488304863627,0.947867298578199,-23.9618224273074,72.8241656841061,1154.28170152535,-19.7988861835574,0,-23.9618224273074,1,120,0.168185140148051,19.7988861835574,2000,0.0331467307692308,1,1,0,True
[],E3_revert_pp,0005_E3_revert_pp,0,✅ ALL CHECKS PASS — arithmetic verified and a real deal is loaded,0.0395977723671148,1000,308.208908365003,0.188057622384049,9.89944309177871,0.631911532385466,1000,0.0395977723671148,0.0404128271802599,0.0414235611698876,1000,1000,1000,1000,9.89944309177871,40.4128271802599,41.4235611698876,-11.9573793355287,-39.4523407876599,1000,1.825,120,0.188057622384049,0.15501284555059,0.631911532385466,-11.9573793355287,81.428950492293,577.140850762673,-9.89944309177871,0,-11.9573793355287,1,120,0.188057622384049,9.89944309177871,1000,0.0331467307692308,1,1,0,True
['Row22: ❌ FAIL — mix ≠ 100%'],E4_many_overrides,0006_E4_many_overrides,1,❌ 1 CHECK(S) FAILING — do not use these numbers,— input required —,— input required —,— input required —,— input required —,— input required —,— input required —,— input required —,0.102461004948818,0.0901724638457749,0.0719901294506662,1500,1500,1500,1500,38.4228768558067,135.258695768662,107.985194175999,-41.5333130995567,-134.438209376062,1500,2.7375,120,0.108457842340476,-0.014650616961523,— input required —,-41.5333130995567,54.2289211702378,488.713513803691,-38.4228768558067,0,-41.5333130995567,1,120,0.108457842340476,38.4228768558067,1500,0.0331467307692308,1,1,1,False
